YEAR,Labor Force (000's),Employment (000's),Emp/Pop (%),Unemployed (000's),Unemp Rate (%),LFPART (%),,
Jan-76,3066.605,2723.016,47.8,343.589,11.2,53.8568,,
Feb-76,3065.43,2722.421,47.8,343.009,11.2,53.8551,,
Mar-76,3064.867,2722.931,47.9,341.936,11.2,53.8641,,
Apr-76,3067.313,2726.299,47.9,341.014,11.1,53.9166,,
May-76,3071.973,2730.681,48,341.292,11.1,54.0175,,
Jun-76,3077.212,2735.049,48.1,342.163,11.1,54.1286,,
Jul-76,3081.073,2737.981,48.2,343.092,11.1,54.2156,,
Aug-76,3082.731,2739.158,48.3,343.573,11.1,54.3021,,
Sep-76,3081.83,2739.239,48.3,342.591,11.1,54.3341,,
Oct-76,3079.423,2738.977,48.3,340.446,11.1,54.3492,,
Nov-76,3076.833,2739.097,48.4,337.736,11,54.361,,
Dec-76,3074.891,2740.292,48.5,334.599,10.9,54.3843,,
Jan-77,3074.06,2742.616,48.6,331.444,10.8,54.4178,,
Feb-77,3072.906,2745.433,48.7,327.473,10.7,54.4552,,
Mar-77,3070.256,2748.001,48.7,322.255,10.5,54.4661,,
Apr-77,3066.318,2749.662,48.8,316.656,10.3,54.4542,,
May-77,3061.884,2750.138,48.9,311.746,10.2,54.4238,,
Jun-77,3057.869,2749.33,48.9,308.539,10.1,54.4105,,
Jul-77,3054.913,2747.823,48.9,307.09,10.1,54.416,,
Aug-77,3053.95,2747.108,49,306.842,10,54.4473,,
Sep-77,3054.635,2747.754,49,306.881,10,54.4984,,
Oct-77,3055.174,2749.35,49.1,305.824,10,54.5567,,
Nov-77,3054.758,2751.768,49.2,302.99,9.9,54.598,,
Dec-77,3053.551,2754.761,49.3,298.79,9.8,54.6252,,
Jan-78,3052.301,2758.836,49.4,293.465,9.6,54.642,,
Feb-78,3052.029,2764.189,49.5,287.84,9.4,54.6861,,
Mar-78,3052.822,2770.144,49.7,282.678,9.3,54.7493,,
Apr-78,3054.195,2775.954,49.8,278.241,9.1,54.8231,,
May-78,3056.271,2781.38,50,274.891,9,54.8998,,
Jun-78,3058.314,2786.035,50.1,272.279,8.9,54.9859,,
Jul-78,3059.865,2789.656,50.2,270.209,8.8,55.0633,,
Aug-78,3060.853,2792.099,50.3,268.754,8.8,55.1108,,
Sep-78,3061.553,2794.154,50.3,267.399,8.7,55.1532,,
Oct-78,3062.997,2796.795,50.4,266.202,8.7,55.209,,
Nov-78,3065.284,2800.067,50.5,265.217,8.7,55.2801,,
Dec-78,3066.958,2802.704,50.6,264.254,8.6,55.3403,,
Jan-79,3066.675,2803.072,50.6,263.603,8.6,55.3651,,
Feb-79,3064.349,2800.882,50.6,263.467,8.6,55.3531,,
Mar-79,3061.28,2797.304,50.6,263.976,8.6,55.3277,,
Apr-79,3059.125,2793.895,50.5,265.23,8.7,55.3187,,
May-79,3058.767,2791.929,50.5,266.838,8.7,55.3423,,
Jun-79,3060.392,2792.038,50.5,268.354,8.8,55.4017,,
Jul-79,3063.536,2794.688,50.6,268.848,8.8,55.4888,,
Aug-79,3067.263,2799.387,50.7,267.876,8.7,55.5664,,
Sep-79,3070.936,2804.861,50.8,266.075,8.7,55.643,,
Oct-79,3073.24,2809.848,50.9,263.392,8.6,55.6948,,
Nov-79,3073.107,2813.059,51,260.048,8.5,55.7025,,
Dec-79,3071.405,2814.008,51,257.397,8.4,55.6717,,
Jan-80,3068.767,2812.829,51,255.938,8.3,55.6339,,
Feb-80,3065.588,2809.872,50.9,255.716,8.3,55.5864,,
Mar-80,3062.745,2806.124,50.9,256.621,8.4,55.5449,,
Apr-80,3060.226,2802.494,50.8,257.732,8.4,55.5093,,
May-80,3058.244,2799.763,50.7,258.481,8.5,55.4331,,
Jun-80,3057.311,2798.455,50.7,258.856,8.5,55.3861,,
Jul-80,3056.925,2798.04,50.7,258.885,8.5,55.339,,
Aug-80,3056.559,2797.998,50.6,258.561,8.5,55.3023,,
Sep-80,3056.587,2798.195,50.6,258.392,8.5,55.2628,,
Oct-80,3057.812,2798.165,50.6,259.647,8.5,55.255,,
Nov-80,3061.766,2798.957,50.5,262.809,8.6,55.2865,,
Dec-80,3069.233,2802.095,50.6,267.138,8.7,55.3913,,
Jan-81,3079.68,2807.605,50.6,272.075,8.8,55.5398,,
Feb-81,3090.801,2814.202,50.7,276.599,8.9,55.7102,,
Mar-81,3099.106,2820.239,50.8,278.867,9,55.8196,,
Apr-81,3102.234,2824.213,50.8,278.021,9,55.8458,,
May-81,3099.847,2825.433,50.8,274.414,8.9,55.7627,,
Jun-81,3093.862,2824.357,50.8,269.505,8.7,55.625,,
Jul-81,3087.531,2821.674,50.7,265.857,8.6,55.4713,,
Aug-81,3083.186,2817.778,50.6,265.408,8.6,55.3634,,
Sep-81,3081.423,2813.357,50.5,268.066,8.7,55.3019,,
Oct-81,3082.355,2809.542,50.4,272.813,8.9,55.2889,,
Nov-81,3084.362,2806.028,50.3,278.334,9,55.2852,,
Dec-81,3086.199,2802.788,50.2,283.411,9.2,55.2884,,
Jan-82,3087.909,2800.806,50.1,287.103,9.3,55.2794,,
Feb-82,3089.969,2800.433,50.1,289.536,9.4,55.2866,,
Mar-82,3092.193,2800.772,50.1,291.421,9.4,55.2967,,
Apr-82,3094.136,2800.776,50.1,293.36,9.5,55.3018,,
May-82,3095.008,2799.621,50,295.387,9.5,55.2779,,
Jun-82,3094.105,2796.594,49.9,297.511,9.6,55.2321,,
Jul-82,3091.5,2791.624,49.8,299.876,9.7,55.1561,,
Aug-82,3087.993,2785.307,49.6,302.686,9.8,55.0346,,
Sep-82,3084.134,2778.006,49.5,306.128,9.9,54.9169,,
Oct-82,3079.947,2770.04,49.3,309.907,10.1,54.7838,,
Nov-82,3075.649,2762.46,49.1,313.189,10.2,54.6588,,
Dec-82,3069.814,2754.908,48.9,314.906,10.3,54.497,,
Jan-83,3062.19,2747.443,48.7,314.747,10.3,54.3134,,
Feb-83,3054.879,2742.008,48.6,312.871,10.2,54.1261,,
Mar-83,3050.385,2740.173,48.5,310.212,10.2,53.9987,,
Apr-83,3051.562,2743.37,48.5,308.192,10.1,53.9622,,
May-83,3058.089,2750.843,48.6,307.246,10,54.0298,,
Jun-83,3067.486,2760.922,48.7,306.564,10,54.1385,,
Jul-83,3077.151,2772.167,48.9,304.984,9.9,54.2612,,
Aug-83,3084.423,2782.556,49,301.867,9.8,54.3415,,
Sep-83,3087.766,2790.5,49.1,297.266,9.6,54.3621,,
Oct-83,3087.303,2795.851,49.2,291.452,9.4,54.3157,,
Nov-83,3083.778,2798.683,49.2,285.095,9.2,54.206,,
Dec-83,3079.965,2800.863,49.2,279.102,9.1,54.1009,,
Jan-84,3077.803,2804.058,49.2,273.745,8.9,54.0155,,
Feb-84,3078.049,2808.242,49.3,269.807,8.8,53.9819,,
Mar-84,3081.56,2813.052,49.3,268.508,8.7,53.9961,,
Apr-84,3086.736,2816.901,49.3,269.835,8.7,54.049,,
May-84,3092.752,2819.217,49.3,273.535,8.8,54.1164,,
Jun-84,3098.349,2819.898,49.3,278.451,9,54.1669,,
Jul-84,3101.427,2818.986,49.2,282.441,9.1,54.1829,,
Aug-84,3102.218,2818.123,49.2,284.095,9.2,54.1778,,
Sep-84,3102.274,2819.185,49.2,283.089,9.1,54.1598,,
Oct-84,3103.086,2823.11,49.3,279.976,9,54.1551,,
Nov-84,3106.774,2830.5,49.4,276.274,8.9,54.1911,,
Dec-84,3113.784,2840.15,49.5,273.634,8.8,54.2944,,
Jan-85,3121.969,2849.109,49.7,272.86,8.7,54.4181,,
Feb-85,3128.272,2855.398,49.8,272.874,8.7,54.509,,
Mar-85,3129.8,2858.162,49.8,271.638,8.7,54.5166,,
Apr-85,3192.242,2923.878,50.9,268.364,8.4,55.5849,,
May-85,3219.317,2955.689,51.4,263.628,8.2,56.0368,,
Jun-85,3230.546,2972.002,51.7,258.544,8,56.2127,,
Jul-85,3236.653,2982.021,51.9,254.632,7.9,56.2896,,
Aug-85,3241.838,2989.977,52,251.861,7.8,56.3337,,
Sep-85,3246.822,2996.833,52,249.989,7.7,56.3753,,
Oct-85,3251.202,3001.948,52.1,249.254,7.7,56.4053,,
Nov-85,3253.59,3004.044,52.1,249.546,7.7,56.4017,,
Dec-85,3253.317,3002.582,52,250.735,7.7,56.3511,,
Jan-86,3251.718,2998.961,51.9,252.757,7.8,56.2785,,
Feb-86,3250.302,2995.121,51.8,255.181,7.9,56.2083,,
Mar-86,3249.284,2992.38,51.7,256.904,7.9,56.146,,
Apr-86,3248.118,2991.529,51.7,256.589,7.9,56.0804,,
May-86,3245.979,2992.779,51.6,253.2,7.8,55.9989,,
Jun-86,3242.569,2995.72,51.6,246.849,7.6,55.8948,,
Jul-86,3238.272,2999.865,51.7,238.407,7.4,55.7765,,
Aug-86,3234.121,3004.445,51.7,229.676,7.1,55.682,,
Sep-86,3230.859,3008.646,51.8,222.213,6.9,55.6019,,
Oct-86,3229.06,3012.713,51.8,216.347,6.7,55.548,,
Nov-86,3228.669,3016.926,51.9,211.743,6.6,55.5174,,
Dec-86,3229.629,3022.416,51.9,207.213,6.4,55.511,,
Jan-87,3231.028,3028.993,52,202.035,6.3,55.5121,,
Feb-87,3231.865,3035.442,52.1,196.423,6.1,55.5027,,
Mar-87,3232.981,3041.952,52.2,191.029,5.9,55.499,,
Apr-87,3234.879,3048.985,52.3,185.894,5.7,55.5077,,
May-87,3236.938,3055.906,52.4,181.032,5.6,55.5202,,
Jun-87,3239.246,3061.965,52.5,177.281,5.5,55.536,,
Jul-87,3241.967,3066.683,52.6,175.284,5.4,55.5598,,
Aug-87,3244.429,3069.745,52.6,174.684,5.4,55.6029,,
Sep-87,3245.753,3071.718,52.6,174.035,5.4,55.6265,,
Oct-87,3245.113,3072.752,52.7,172.361,5.3,55.6165,,
Nov-87,3242.211,3073.025,52.7,169.186,5.2,55.5677,,
Dec-87,3237.084,3072.345,52.7,164.739,5.1,55.4808,,
Jan-88,3230.612,3071.245,52.6,159.367,4.9,55.3699,,
Feb-88,3224.578,3070.656,52.6,153.922,4.8,55.2674,,
Mar-88,3220.102,3070.02,52.6,150.082,4.7,55.1917,,
Apr-88,3218.271,3068.733,52.6,149.538,4.6,55.1612,,
May-88,3220.217,3067.659,52.6,152.558,4.7,55.1955,,
Jun-88,3225.153,3067.498,52.6,157.655,4.9,55.2811,,
Jul-88,3231.907,3068.612,52.6,163.295,5.1,55.3978,,
Aug-88,3240.128,3071.165,52.6,168.963,5.2,55.5301,,
Sep-88,3249.887,3075.134,52.7,174.753,5.4,55.6888,,
Oct-88,3260.127,3080.176,52.8,179.951,5.5,55.8557,,
Nov-88,3270.518,3086.25,52.9,184.268,5.6,56.025,,
Dec-88,3281.371,3092.991,53,188.38,5.7,56.2023,,
Jan-89,3292.547,3099.543,53.1,193.004,5.9,56.385,,
Feb-89,3303.605,3105.311,53.2,198.294,6,56.5657,,
Mar-89,3314.123,3110.58,53.3,203.543,6.1,56.737,,
Apr-89,3323.292,3114.991,53.3,208.301,6.3,56.8852,,
May-89,3330.384,3117.822,53.4,212.562,6.4,56.9978,,
Jun-89,3335.52,3119.098,53.4,216.422,6.5,57.077,,
Jul-89,3339.41,3119.509,53.4,219.901,6.6,57.1347,,
Aug-89,3342.502,3119.899,53.4,222.603,6.7,57.1778,,
Sep-89,3345.505,3121.154,53.4,224.351,6.7,57.2165,,
Oct-89,3349.334,3123.723,53.4,225.611,6.7,57.2673,,
Nov-89,3353.288,3126.819,53.5,226.469,6.8,57.3251,,
Dec-89,3356.153,3129.576,53.5,226.577,6.8,57.3711,,
Jan-90,3358.159,3132.487,53.8,225.672,6.7,57.646,,
Feb-90,3358.805,3135.033,53.8,223.772,6.7,57.5966,,
Mar-90,3358.067,3136.724,53.7,221.343,6.6,57.5236,,
Apr-90,3357.117,3138.033,53.7,219.084,6.5,57.4721,,
May-90,3357.655,3139.567,53.6,218.088,6.5,57.3639,,
Jun-90,3360.419,3141.157,53.6,219.262,6.5,57.3736,,
Jul-90,3348.852,3126.176,53.3,222.676,6.6,57.1436,,
Aug-90,3338.853,3111.036,53.1,227.817,6.8,56.9815,,
Sep-90,3328.943,3095.272,52.8,233.671,7,56.8121,,
Oct-90,3318.514,3079.014,52.5,239.5,7.2,56.6348,,
Nov-90,3308.252,3063.166,52.3,245.086,7.4,56.4661,,
Dec-90,3298.367,3047.455,52,250.912,7.6,56.3077,,
Jan-91,3296.182,3038.244,51.9,257.938,7.8,56.2806,,
Feb-91,3278.314,3011.996,51.4,266.318,8.1,55.9972,,
Mar-91,3283.842,3008.619,51.4,275.223,8.4,56.1106,,
Apr-91,3286.992,3003.654,51.3,283.338,8.6,56.1775,,
May-91,3287.276,2998.151,51.3,289.125,8.8,56.1936,,
Jun-91,3285.453,2993.178,51.2,292.275,8.9,56.1689,,
Jul-91,3282.798,2988.981,51.1,293.817,9,56.1338,,
Aug-91,3280.502,2985.091,51,295.411,9,56.0875,,
Sep-91,3279.604,2980.768,51,298.836,9.1,56.0613,,
Oct-91,3280.086,2974.971,50.8,305.115,9.3,56.0578,,
Nov-91,3281.515,2967.897,50.7,313.618,9.6,56.08,,
Dec-91,3283.47,2960.697,50.6,322.773,9.8,56.1179,,
Jan-92,3286.316,2954.706,50.5,331.61,10.1,56.1701,,
Feb-92,3290.95,2950.604,50.4,340.346,10.3,56.2606,,
Mar-92,3298.22,2949.079,50.4,349.141,10.6,56.3874,,
Apr-92,3308.541,2950.318,50.4,358.223,10.8,56.5626,,
May-92,3319.644,2952.291,50.5,367.353,11.1,56.7522,,
Jun-92,3328.635,2953.294,50.5,375.341,11.3,56.9046,,
Jul-92,3334.308,2953.226,50.5,381.082,11.4,56.9984,,
Aug-92,3336.539,2952.3,50.4,384.239,11.5,57.0031,,
Sep-92,3336.41,2951.171,50.4,385.239,11.5,56.9646,,
Oct-92,3335.505,2951.023,50.4,384.482,11.5,56.9119,,
Nov-92,3333.879,2951.378,50.3,382.501,11.5,56.8587,,
Dec-92,3331.376,2951.937,50.3,379.439,11.4,56.7944,,
Jan-93,3327.906,2953.209,50.3,374.697,11.3,56.7127,,
Feb-93,3323.264,2955.453,50.3,367.811,11.1,56.6159,,
Mar-93,3318.019,2958.735,50.4,359.284,10.8,56.5118,,
Apr-93,3312.121,2962.285,50.4,349.836,10.6,56.3909,,
May-93,3306.852,2965.746,50.5,341.106,10.3,56.2808,,
Jun-93,3303.699,2968.785,50.5,334.914,10.1,56.2029,,
Jul-93,3301.492,2969.892,50.5,331.6,10,56.1412,,
Aug-93,3299.447,2968.978,50.5,330.469,10,56.0814,,
Sep-93,3297.56,2967.299,50.4,330.261,10,56.0214,,
Oct-93,3296.081,2965.967,50.4,330.114,10,55.9703,,
Nov-93,3296.061,2966.245,50.4,329.816,10,55.9497,,
Dec-93,3297.403,2968.993,50.4,328.41,10,55.957,,
Jan-94,3298.805,2973.968,50.5,324.837,9.8,55.9682,,
Feb-94,3298.696,2979.78,50.6,318.916,9.7,55.9651,,
Mar-94,3296.57,2984.953,50.6,311.617,9.5,55.9193,,
Apr-94,3292.682,2988.696,50.7,303.986,9.2,55.835,,
May-94,3287.78,2991.033,50.7,296.747,9,55.7412,,
Jun-94,3283.116,2992.815,50.7,290.301,8.8,55.644,,
Jul-94,3280.363,2995.791,50.8,284.572,8.7,55.5801,,
Aug-94,3279.479,3000.556,50.8,278.923,8.5,55.5413,,
Sep-94,3279.295,3006.38,50.9,272.915,8.3,55.5116,,
Oct-94,3278.425,3012.254,51,266.171,8.1,55.4693,,
Nov-94,3276.696,3017.335,51,259.361,7.9,55.4201,,
Dec-94,3274.963,3020.536,51.1,254.427,7.8,55.3746,,
Jan-95,3273.586,3020.728,51.1,252.858,7.7,55.3351,,
Feb-95,3273.056,3018.592,51,254.464,7.8,55.3146,,
Mar-95,3274.084,3015.754,51,258.33,7.9,55.3186,,
Apr-95,3277.764,3014.236,50.9,263.528,8,55.3609,,
May-95,3284.607,3015.682,50.9,268.925,8.2,55.4612,,
Jun-95,3293.272,3020.064,51,273.208,8.3,55.5875,,
Jul-95,3302.5,3026.242,51.1,276.258,8.4,55.7223,,
Aug-95,3311.003,3032.696,51.1,278.307,8.4,55.8288,,
Sep-95,3317.48,3038.297,51.2,279.183,8.4,55.8981,,
Oct-95,3321.771,3042.464,51.2,279.307,8.4,55.9277,,
Nov-95,3324.658,3045.637,51.2,279.021,8.4,55.945,,
Dec-95,3328.183,3049.03,51.3,279.153,8.4,55.9786,,
Jan-96,3334.766,3054.184,51.3,280.582,8.4,56.0664,,
Feb-96,3345.389,3061.646,51.5,283.743,8.5,56.2229,,
Mar-96,3358.857,3070.839,51.6,288.018,8.6,56.4215,,
Apr-96,3372.569,3080.688,51.7,291.881,8.7,56.6183,,
May-96,3384.286,3090.22,51.8,294.066,8.7,56.7832,,
Jun-96,3393.778,3099.141,52,294.637,8.7,56.9059,,
Jul-96,3402.082,3107.484,52.1,294.598,8.7,57.0104,,
Aug-96,3411.22,3115.419,52.2,295.801,8.7,57.1154,,
Sep-96,3422.687,3122.737,52.2,299.95,8.8,57.2573,,
Oct-96,3436.557,3129.314,52.3,307.243,8.9,57.4381,,
Nov-96,3451.5,3135.007,52.4,316.493,9.2,57.6404,,
Dec-96,3465.943,3140.304,52.4,325.639,9.4,57.8455,,
Jan-97,3478.992,3145.785,52.5,333.207,9.6,58.0272,,
Feb-97,3490.297,3151.907,52.6,338.39,9.7,58.1951,,
Mar-97,3500.022,3159.295,52.7,340.727,9.7,58.3297,,
Apr-97,3509.453,3168.222,52.8,341.231,9.7,58.4535,,
May-97,3518.99,3178.286,52.9,340.704,9.7,58.5769,,
Jun-97,3527.885,3189.019,53.1,338.866,9.6,58.6875,,
Jul-97,3535.16,3200.242,53.2,334.918,9.5,58.7682,,
Aug-97,3540.451,3211.609,53.3,328.842,9.3,58.7943,,
Sep-97,3544.079,3222.758,53.5,321.321,9.1,58.7898,,
Oct-97,3547.205,3233.105,53.6,314.1,8.9,58.7799,,
Nov-97,3550.163,3241.938,53.7,308.225,8.7,58.7751,,
Dec-97,3552.788,3249.066,53.7,303.722,8.5,58.7706,,
Jan-98,3554.675,3254.77,53.8,299.905,8.4,58.751,,
Feb-98,3555.901,3259.904,53.8,295.997,8.3,58.7321,,
Mar-98,3556.108,3264.621,53.9,291.487,8.2,58.6926,,
Apr-98,3555.054,3269.159,53.9,285.895,8,58.6207,,
May-98,3553.843,3273.74,53.9,280.103,7.9,58.5522,,
Jun-98,3554.232,3278.462,54,275.77,7.8,58.5063,,
Jul-98,3557.158,3283.19,54,273.968,7.7,58.5031,,
Aug-98,3562.248,3288.284,54,273.964,7.7,58.5374,,
Sep-98,3568.689,3294.133,54.1,274.556,7.7,58.5919,,
Oct-98,3574.308,3300.522,54.1,273.786,7.7,58.6348,,
Nov-98,3577.384,3306.668,54.2,270.716,7.6,58.6369,,
Dec-98,3577.493,3311.724,54.2,265.769,7.4,58.5961,,
Jan-99,3574.996,3315.384,54.3,259.612,7.3,58.5137,,
Feb-99,3572.171,3318.144,54.3,254.027,7.1,58.4375,,
Mar-99,3571.863,3321.342,54.3,250.521,7,58.4016,,
Apr-99,3575.938,3326.228,54.3,249.71,7,58.424,,
May-99,3584.215,3333.349,54.4,250.866,7,58.5179,,
Jun-99,3594.866,3342.477,54.5,252.389,7,58.6474,,
Jul-99,3605.04,3352.547,54.7,252.493,7,58.7681,,
Aug-99,3612.308,3362.29,54.7,250.018,6.9,58.8019,,
Sep-99,3615.813,3371.197,54.8,244.616,6.8,58.7697,,
Oct-99,3617.679,3380.218,54.9,237.461,6.6,58.7139,,
Nov-99,3621.427,3391.107,55,230.32,6.4,58.6915,,
Dec-99,3628.583,3404.025,55.1,224.558,6.2,58.7311,,
Jan-00,3639.408,3418.374,55.3,221.034,6.1,58.8298,,
Feb-00,3651.496,3432.43,55.4,219.066,6,58.9611,,
Mar-00,3661.913,3443.77,55.5,218.143,6,59.0565,,
Apr-00,3668.589,3450.97,55.7,217.619,5.9,59.1771,,
May-00,3670.097,3453.678,55.7,216.419,5.9,59.1816,,
Jun-00,3666.933,3452.624,55.7,214.309,5.8,59.1104,,
Jul-00,3661.792,3450.262,55.6,211.53,5.8,59.0077,,
Aug-00,3657.562,3449.244,55.5,208.318,5.7,58.903,,
Sep-00,3655.479,3450.625,55.5,204.854,5.6,58.8329,,
Oct-00,3655.472,3454.151,55.6,201.321,5.5,58.7964,,
Nov-00,3656.315,3458.25,55.6,198.065,5.4,58.7758,,
Dec-00,3656.824,3461.257,55.6,195.567,5.3,58.7477,,
Jan-01,3655.027,3460.976,55.6,194.051,5.3,58.6797,,
Feb-01,3650.337,3456.844,55.5,193.493,5.3,58.5717,,
Mar-01,3643.943,3450.302,55.3,193.641,5.3,58.4343,,
Apr-01,3636.999,3442.021,55.2,194.978,5.4,58.2858,,
May-01,3631.949,3433.497,55,198.452,5.5,58.1699,,
Jun-01,3630.812,3426.186,54.8,204.626,5.6,58.1171,,
Jul-01,3634.24,3420.367,54.7,213.873,5.9,58.1372,,
Aug-01,3641.653,3415.501,54.6,226.152,6.2,58.2308,,
Sep-01,3652.264,3411.913,54.5,240.351,6.6,58.3757,,
Oct-01,3664.338,3409.558,54.5,254.78,7,58.5437,,
Nov-01,3676.068,3408.027,54.4,268.041,7.3,58.7086,,
Dec-01,3686.87,3407.655,54.4,279.215,7.6,58.856,,
Jan-02,3697.284,3409.364,54.4,287.92,7.8,58.9945,,
Feb-02,3706.899,3412.674,54.4,294.225,7.9,59.1266,,
Mar-02,3714.604,3416.217,54.5,298.387,8,59.2254,,
Apr-02,3720.704,3420.589,54.5,300.115,8.1,59.2965,,
May-02,3725.508,3425.866,54.6,299.642,8,59.3488,,
Jun-02,3728.352,3430.638,54.6,297.714,8,59.3703,,
Jul-02,3728.998,3433.393,54.7,295.605,7.9,59.3565,,
Aug-02,3728.231,3433.403,54.6,294.828,7.9,59.3138,,
Sep-02,3727.239,3430.614,54.6,296.625,8,59.2678,,
Oct-02,3725.73,3425.147,54.4,300.583,8.1,59.2133,,
Nov-02,3723.731,3418.64,54.3,305.091,8.2,59.1538,,
Dec-02,3720.991,3412.427,54.2,308.564,8.3,59.0799,,
Jan-03,3717.97,3407.428,54.1,310.542,8.4,58.9994,,
Feb-03,3715.386,3404.304,54,311.082,8.4,58.9321,,
Mar-03,3713.282,3402.767,53.9,310.515,8.4,58.8696,,
Apr-03,3710.944,3401.028,53.9,309.916,8.4,58.8013,,
May-03,3707.827,3397.724,53.8,310.103,8.4,58.7233,,
Jun-03,3705.063,3394.238,53.7,310.825,8.4,58.6508,,
Jul-03,3703.123,3392.326,53.7,310.797,8.4,58.5913,,
Aug-03,3701.762,3392.7,53.6,309.062,8.3,58.5341,,
Sep-03,3700.676,3395.454,53.7,305.222,8.2,58.4816,,
Oct-03,3701.015,3400.704,53.7,300.311,8.1,58.4515,,
Nov-03,3703.418,3407.734,53.8,295.684,8,58.4564,,
Dec-03,3706.556,3415.025,53.9,291.531,7.9,58.4705,,
Jan-04,3709.11,3421.307,53.9,287.803,7.8,58.4726,,
Feb-04,3711.083,3426.487,54,284.596,7.7,58.4722,,
Mar-04,3729.646,3447.837,54.3,281.809,7.6,58.7304,,
Apr-04,3745.566,3467.013,54.6,278.553,7.4,58.9444,,
May-04,3758.689,3484.524,54.8,274.165,7.3,59.1161,,
Jun-04,3768.686,3500.466,55,268.22,7.1,59.2391,,
Jul-04,3776.005,3514.876,55.2,261.129,6.9,59.3194,,
Aug-04,3780.989,3527.679,55.4,253.31,6.7,59.355,,
Sep-04,3783.2,3537.858,55.5,245.342,6.5,59.3472,,
Oct-04,3782.453,3544.734,55.6,237.719,6.3,59.2927,,
Nov-04,3779.204,3548.576,55.6,230.628,6.1,59.2022,,
Dec-04,3776.319,3551.141,55.6,225.178,6,59.1142,,
Jan-05,3775.349,3553.989,55.6,221.36,5.9,59.0546,,
Feb-05,3776.384,3557.877,55.6,218.507,5.8,59.0324,,
Mar-05,3778.828,3562.929,55.7,215.899,5.7,59.0292,,
Apr-05,3783.19,3569.734,55.7,213.456,5.6,59.0541,,
May-05,3790.065,3578.591,55.8,211.474,5.6,59.1207,,
Jun-05,3798.39,3587.594,55.9,210.796,5.5,59.2094,,
Jul-05,3806.317,3594.394,56,211.923,5.6,59.2918,,
Aug-05,3812.776,3598.938,56,213.838,5.6,59.3527,,
Sep-05,3817.709,3602.44,56,215.269,5.6,59.3897,,
Oct-05,3821.311,3606.061,56.1,215.25,5.6,59.4062,,
Nov-05,3823.659,3609.917,56.1,213.742,5.6,59.4051,,
Dec-05,3824.95,3614.303,56.1,210.647,5.5,59.3857,,
Jan-06,3826.331,3619.98,56.2,206.351,5.4,59.3648,,
Feb-06,3828.293,3626.316,56.2,201.977,5.3,59.3595,,
Mar-06,3830.542,3631.926,56.3,198.616,5.2,59.3559,,
Apr-06,3831.774,3635.415,56.3,196.359,5.1,59.3343,,
May-06,3830.823,3636.814,56.3,194.009,5.1,59.2812,,
Jun-06,3827.854,3637.111,56.2,190.743,5,59.1972,,
Jul-06,3824.122,3637.962,56.2,186.16,4.9,59.1013,,
Aug-06,3821.311,3639.845,56.2,181.466,4.7,59.0091,,
Sep-06,3820.605,3642.697,56.2,177.908,4.7,58.95,,
Oct-06,3822.478,3646.976,56.2,175.502,4.6,58.9301,,
Nov-06,3826.44,3652.373,56.3,174.067,4.5,58.9452,,
Dec-06,3830.846,3657.213,56.3,173.633,4.5,58.9647,,
Jan-07,3834.096,3659.766,56.3,174.33,4.5,58.9638,,
Feb-07,3836.227,3660.161,56.2,176.066,4.6,58.952,,
Mar-07,3837.718,3659.14,56.2,178.578,4.7,58.9278,,
Apr-07,3839.669,3657.959,56.1,181.71,4.7,58.9084,,
May-07,3842.833,3657.48,56.1,185.353,4.8,58.9098,,
Jun-07,3847.694,3658.82,56,188.874,4.9,58.9376,,
Jul-07,3854.51,3662.951,56.1,191.559,5,58.9948,,
Aug-07,3862.797,3669.503,56.1,193.294,5,59.0917,,
Sep-07,3872.3,3678.254,56.2,194.046,5,59.207,,
Oct-07,3881.969,3687.513,56.4,194.456,5,59.3246,,
Nov-07,3890.847,3696.148,56.5,194.699,5,59.4324,,
Dec-07,3898.301,3703.513,56.5,194.788,5,59.5163,,
Jan-08,3904.151,3709.174,56.6,194.977,5,59.5728,,
Feb-08,3908.761,3713.63,56.6,195.131,5,59.6165,,
Mar-08,3912.878,3717.302,56.7,195.576,5,59.6504,,
Apr-08,3917.911,3720.582,56.7,197.329,5,59.6955,,
May-08,3925.285,3724.193,56.7,201.092,5.1,59.7788,,
Jun-08,3935.612,3728.697,56.8,206.915,5.3,59.9071,,
Jul-08,3947.973,3733.335,56.8,214.638,5.4,60.066,,
Aug-08,3960.73,3737.104,56.8,223.626,5.6,60.23,,
Sep-08,3971.923,3737.886,56.8,234.037,5.9,60.3696,,
Oct-08,3981.539,3734.723,56.7,246.816,6.2,60.4854,,
Nov-08,3990.244,3727.921,56.6,262.323,6.6,60.5899,,
Dec-08,3998.183,3718.072,56.4,280.111,7,60.6799,,
Jan-09,4005.569,3706.355,56.2,299.214,7.5,60.759,,
Feb-09,4013.572,3695.02,56,318.552,7.9,60.8536,,
Mar-09,3943.827,3607.216,54.7,336.611,8.5,59.7673,,
Apr-09,3955.005,3603.068,54.6,351.937,8.9,59.9056,,
May-09,3965.083,3600.612,54.5,364.471,9.2,60.0296,,
Jun-09,3972.691,3597.951,54.4,374.74,9.4,60.1156,,
Jul-09,3977.051,3593.732,54.4,383.319,9.6,60.1528,,
Aug-09,3978.106,3587.532,54.2,390.574,9.8,60.1449,,
Sep-09,3977.085,3580.844,54.1,396.241,10,60.1053,,
Oct-09,3974.933,3575.241,54,399.692,10.1,60.0487,,
Nov-09,3974.045,3572.537,53.9,401.508,10.1,60.0112,,
Dec-09,3976.918,3574.645,54,402.273,10.1,60.0305,,
Jan-10,3983.407,3581.646,54,401.761,10.1,60.1043,,
Feb-10,3990.358,3590.594,54.2,399.764,10,60.1851,,
Mar-10,3994.779,3598.336,54.3,396.443,9.9,60.2276,,
Apr-10,3996.188,3603.964,55.1,392.224,9.8,61.0542,,
May-10,3994.39,3607.2,55.1,387.19,9.7,60.9876,,
Jun-10,3989.127,3607.156,55,381.971,9.6,60.8679,,
Jul-10,3981.631,3604.179,55,377.452,9.5,60.7146,,
Aug-10,3974.581,3600.583,54.9,373.998,9.4,60.5516,,
Sep-10,3969.585,3597.978,54.8,371.607,9.4,60.4205,,
Oct-10,3967.015,3597.685,54.7,369.33,9.3,60.3258,,
Nov-10,3965.886,3599.745,54.7,366.141,9.2,60.256,,
Dec-10,3965.254,3603.171,54.7,362.083,9.1,60.1917,,
Jan-11,3965.218,3607.068,54.7,358.15,9,60.1337,,
Feb-11,3964.838,3609.777,54.7,355.061,9,60.0769,,
Mar-11,3963.566,3610.427,54.7,353.139,8.9,60.0043,,
Apr-11,3961.81,3609.046,54.6,352.764,8.9,59.922,,
May-11,3961.304,3606.954,54.5,354.35,8.9,59.861,,
Jun-11,3963.574,3606.012,54.4,357.562,9,59.8423,,
Jul-11,3969.17,3607.595,54.4,361.575,9.1,59.8736,,
Aug-11,3976.594,3610.814,54.4,365.78,9.2,59.9352,,
Sep-11,3983.763,3614.116,54.4,369.647,9.3,59.9926,,
Oct-11,3990.025,3616.646,54.4,373.379,9.4,60.0368,,
Nov-11,3994.408,3617.683,54.4,376.725,9.4,60.0549,,
Dec-11,3996.64,3617.463,54.3,379.177,9.5,60.038,,
Jan-12,3997.85,3617.028,54.3,380.822,9.5,60.0033,,
Feb-12,4000.423,3618.134,54.3,382.289,9.6,59.9957,,
Mar-12,4004.593,3620.502,54.3,384.091,9.6,60.0089,,
Apr-12,4009.178,3623.612,54.3,385.566,9.6,60.0266,,
May-12,4014.061,3628.211,54.3,385.85,9.6,60.0505,,
Jun-12,4018.648,3634.283,54.3,384.365,9.6,60.0706,,
Jul-12,4022.788,3641.679,54.4,381.109,9.5,60.0834,,
Aug-12,4027.658,3650.267,54.5,377.391,9.4,60.123,,
Sep-12,4034.092,3659.522,54.6,374.57,9.3,60.1858,,
Oct-12,4040.062,3667.327,54.7,372.735,9.2,60.2415,,
Nov-12,4044.055,3672.533,54.7,371.522,9.2,60.2703,,
Dec-12,4045.919,3675.466,54.7,370.453,9.2,60.2649,,
Jan-13,4045.886,3676.776,54.7,369.11,9.1,60.2288,,
Feb-13,4045.599,3678.376,54.7,367.223,9.1,60.1952,,
Mar-13,4047.4,3682.548,54.8,364.852,9,60.19,,
Apr-13,4052.849,3690.072,54.8,362.777,9,60.2367,,
May-13,4060.929,3698.921,54.9,362.008,8.9,60.3249,,
Jun-13,4070.29,3707.583,55,362.707,8.9,60.4319,,
Jul-13,4078.252,3714.662,55.1,363.59,8.9,60.5181,,
Aug-13,4081.804,3719.839,55.2,361.965,8.9,60.5429,,
Sep-13,4081.018,3724.442,55.2,356.576,8.7,60.5035,,
Oct-13,4079.036,3730.124,55.3,348.912,8.6,60.4461,,
Nov-13,4078.203,3737.594,55.4,340.609,8.4,60.4085,,
Dec-13,4078.585,3745.978,55.5,332.607,8.2,60.3864,,
Jan-14,4080.57,3755.435,55.6,325.135,8,60.3855,,
Feb-14,4083.624,3765.329,55.7,318.295,7.8,60.4065,,
Mar-14,4086.615,3774.372,55.8,312.243,7.6,60.4242,,
Apr-14,4088.313,3782.023,55.9,306.29,7.5,60.4203,,
May-14,4088.604,3789.417,56,299.187,7.3,60.3984,,
Jun-14,4088.525,3797.541,56.1,290.984,7.1,60.3706,,
Jul-14,4089.108,3806.182,56.2,282.926,6.9,60.3527,,
Aug-14,4091.325,3815.153,56.3,276.172,6.8,60.366,,
Sep-14,4094.623,3823.55,56.4,271.073,6.6,60.3949,,
Oct-14,4097.501,3830.84,56.5,266.661,6.5,60.4181,,
Nov-14,4099.323,3836.889,56.6,262.434,6.4,60.4277,,
Dec-14,4101.133,3842.353,56.6,258.78,6.3,60.4349,,
Jan-15,4102.656,3847.113,56.7,255.543,6.2,60.4352,,
Feb-15,4103.202,3851.046,56.7,252.156,6.1,60.4274,,
Mar-15,4103.094,3855.298,56.8,247.796,6,60.4076,,
Apr-15,4101.681,3859.543,56.8,242.138,5.9,60.3661,,
May-15,4097.794,3862.609,56.8,235.185,5.7,60.2907,,
Jun-15,4091.095,3863.788,56.8,227.307,5.6,60.1738,,
Jul-15,4083.676,3863.955,56.8,219.721,5.4,60.0466,,
Aug-15,4077.619,3863.668,56.8,213.951,5.2,59.9479,,
Sep-15,4074.208,3863.725,56.8,210.483,5.2,59.8882,,
Oct-15,4074.608,3865.04,56.8,209.568,5.1,59.8844,,
Nov-15,4078.186,3867.407,56.8,210.779,5.2,59.9298,,
Dec-15,4082.04,3869.753,56.9,212.287,5.2,59.9767,,
Jan-16,4083.88,3871.169,56.9,212.711,5.2,59.9918,,
Feb-16,4082.937,3871.026,56.9,211.911,5.2,59.9722,,
Mar-16,4079.641,3869.32,56.8,210.321,5.2,59.9154,,
Apr-16,4076.666,3867.577,56.8,209.089,5.1,59.8609,,
May-16,4076.588,3867.127,56.8,209.461,5.1,59.8512,,
Jun-16,4079.683,3868.262,56.8,211.421,5.2,59.8883,,
Jul-16,4084.913,3871.19,56.8,213.723,5.2,59.9567,,
Aug-16,4091.011,3875.96,56.9,215.051,5.3,60.058,,
Sep-16,4096.603,3881.935,57,214.668,5.2,60.1522,,
Oct-16,4100.45,3888.678,57.1,211.772,5.2,60.2206,,
Nov-16,4102.813,3896.596,57.2,206.217,5,60.2696,,
Dec-16,4105.25,3905.682,57.4,199.568,4.9,60.3175,,
Jan-17,4277.572,4076.849,57.6,200.723,4.7,60.4158,,
Feb-17,4285.301,4088.992,57.7,196.309,4.6,60.5113,,
Mar-17,4293.803,4099.667,57.9,194.136,4.5,60.6155,,
Apr-17,4301.819,4107.72,58,194.099,4.5,60.7101,,
May-17,4308.587,4113.325,58,195.262,4.5,60.7898,,
Jun-17,4313.385,4116.887,58.1,196.498,4.6,60.8414,,
Jul-17,4314.9,4117.855,58.1,197.045,4.6,60.8468,,
Aug-17,4312.352,4115.981,58,196.371,4.6,60.7992,,
Sep-17,4306.645,4112.266,58,194.379,4.5,60.7069,,
Oct-17,4299.268,4107.804,57.9,191.464,4.5,60.5911,,
Nov-17,4291.736,4103.231,57.8,188.505,4.4,60.4756,,
Dec-17,4285.758,4100.31,57.8,185.448,4.3,60.3798,,
Jan-18,4272.594,4088.835,57.6,183.759,4.3,60.1804,,
Feb-18,4271.328,4089.884,57.6,181.444,4.2,60.1545,,
Mar-18,4271.935,4092.876,57.6,179.059,4.2,60.1526,,
Apr-18,4271.853,4095.568,57.7,176.285,4.1,60.1386,,
May-18,4268.705,4095.441,57.6,173.264,4.1,60.0839,,
Jun-18,4262.878,4092.322,57.6,170.556,4,59.9913,,
Jul-18,4256.544,4087.579,57.5,168.965,4,59.8918,,
Aug-18,4252.479,4083.074,57.4,169.405,4,59.8297,,
Sep-18,4251.429,4079.051,57.4,172.378,4.1,59.8102,,
Oct-18,4253.352,4076.414,57.3,176.938,4.2,59.8321,,
Nov-18,4257.637,4076.525,57.3,181.112,4.3,59.8899,,
Dec-18,4262.8,4079.204,57.4,183.596,4.3,59.9576,,
Jan-19,4260.806,4076.49,57.3,184.316,4.3,59.9222,,
Feb-19,4262.017,4080.21,57.4,181.807,4.3,59.9378,,
Mar-19,4261.007,4083.793,57.4,177.214,4.2,59.9196,,
Apr-19,4258.877,4087.348,57.5,171.529,4,59.8838,,
May-19,4257.338,4091.057,57.5,166.281,3.9,59.8583,,
Jun-19,4256.981,4094.066,57.6,162.915,3.8,59.8498,,
Jul-19,4257.462,4095.817,57.6,161.645,3.8,59.8525,,
Aug-19,4258.32,4096.743,57.6,161.577,3.8,59.8807,,
Sep-19,4261.064,4099.849,57.7,161.215,3.8,59.9356,,
Oct-19,4266.064,4104.431,57.7,161.633,3.8,60.0223,,
Nov-19,4272.175,4107.901,57.8,164.274,3.8,60.1267,,
Dec-19,4276.539,4107.169,57.8,169.37,4,60.2045,,
Jan-20,4276.591,4100.45,57.7,176.141,4.1,60.219,,
Feb-20,4271.523,4087.235,57.6,184.288,4.3,60.1674,,
Mar-20,4263.971,4071.266,57.4,192.705,4.5,60.0785,,
Apr-20,3715.243,3243.82,45.6,471.423,12.7,52.1814,,
May-20,3933.914,3087.684,43.4,846.23,21.5,55.3571,,
Jun-20,4057.261,3358.415,47.3,698.846,17.2,57.2012,,
Jul-20,4079.773,3405.331,48.1,674.442,16.5,57.6278,,
Aug-20,4042.787,3443.228,48.8,599.559,14.8,57.2499,,
Sep-20,4065.324,3483.617,49.5,581.707,14.3,57.7153,,
Oct-20,4045.042,3510.794,50,534.248,13.2,57.5734,,
Nov-20,4061.689,3536.644,50.5,525.045,12.9,57.96,,
Dec-20,4070.153,3556.813,50.9,513.34,12.6,58.2293,,
Jan-21,4075.053,3573.19,51.2,501.863,12.3,58.4468,,
Feb-21,4078.709,3589.971,51.6,488.738,12,58.6532,,
Mar-21,4080.812,3610.523,52.1,470.289,11.5,58.8358,,
Apr-21,4090.94,3632.829,52.5,458.111,11.2,59.133,,
May-21,4083.917,3654.819,53,429.098,10.5,59.1856,,
Jun-21,4113.756,3676.017,53.4,437.739,10.6,59.7742,,
Jul-21,4100.73,3692.518,53.8,408.212,10,59.7412,,
Aug-21,4104.382,3708.2,54.1,396.182,9.7,59.8498,,
Sep-21,4084.699,3723.099,54.3,361.6,8.9,59.6179,,
Oct-21,4088.272,3741.692,54.7,346.58,8.5,59.7254,,
Nov-21,4090.429,3760.07,55,330.359,8.1,59.8149,,
Dec-21,4110.179,3779.003,55.3,331.176,8.1,60.1595,,
Jan-22,4113.383,3797.148,55.6,316.235,7.7,60.2599,,
Feb-22,4101.828,3815.17,55.9,286.658,7,60.1502,,
Mar-22,4092.935,3830.763,56.2,262.172,6.4,60.077,,
Apr-22,4094.931,3846.111,56.5,248.82,6.1,60.1613,,
May-22,4091.335,3858.185,56.7,233.15,5.7,60.1658,,
Jun-22,4090,3868.551,56.9,221.449,5.4,60.2033,,
Jul-22,4079.549,3875.745,57.1,203.804,5,60.107,,
Aug-22,4065.749,3880.085,57.2,185.664,4.6,59.9301,,
Sep-22,4083.115,3882.982,57.3,200.133,4.9,60.2124,,
Oct-22,4098.929,3887.693,57.4,211.236,5.2,60.4721,,
Nov-22,4113.492,3895.216,57.5,218.276,5.3,60.7161,,
Dec-22,4125.227,3903.9,57.6,221.327,5.4,60.9162,,
Jan-23,4135.861,3914.307,57.8,221.554,5.4,61.0978,,
Feb-23,4145.106,3925.434,58,219.672,5.3,61.2648,,
Mar-23,4151.907,3935.833,58.2,216.074,5.2,61.3938,,
Apr-23,4156.021,3944.168,58.3,211.853,5.1,61.4801,,
May-23,4157.36,3948.361,58.4,208.999,5,61.5287,,
Jun-23,4156.234,3948.104,58.5,208.13,5,61.5401,,
Jul-23,4153.537,3943.933,58.4,209.604,5,61.5287,,
Aug-23,4151.012,3937.94,58.4,213.072,5.1,61.5171,,
Sep-23,4150.225,3932.826,58.3,217.399,5.2,61.5307,,
Oct-23,4152.331,3931.225,58.3,221.106,5.3,61.5877,,
Nov-23,4157.133,3935.126,58.4,222.007,5.3,61.6873,,
Dec-23,4163.161,3941.368,58.5,221.793,5.3,61.8024,,
Jan-24,4161.783,3945.554,58.6,216.229,5.2,61.8052,,
Feb-24,4165.463,3954.582,58.8,210.881,5.1,61.8895,,
Mar-24,4171.144,3966.576,59,204.568,4.9,62.001,,
Apr-24,4179.122,3978.6,59.2,200.522,4.8,62.1442,,
May-24,4185.144,3984.243,59.3,200.901,4.8,62.2612,,
Jun-24,4195.404,3992.128,59.4,203.276,4.8,62.441,,
Jul-24,4203.424,3992.082,59.4,211.342,5,62.588,,
Aug-24,4211.042,3991.882,59.5,219.16,5.2,62.7307,,
Sep-24,4212.091,3987.903,59.4,224.188,5.3,62.7755,,
Oct-24,4207.768,3981.908,59.4,225.86,5.4,62.7403,,
Nov-24,4201.958,3973.168,59.3,228.79,5.4,62.6856,,
Dec-24,4195.839,3966.977,59.2,228.862,5.5,62.6235,,-412.6656887
