year,month,working-age population,employment (in thousands),annual working-age population change,annual employment change
1976,January,5696.68619246862,2723.016,n/a,n/a
1976,February,5695.441422594142,2722.421,n/a,n/a
1976,March,5684.615866388309,2722.931,n/a,n/a
1976,April,5691.647181628393,2726.299,n/a,n/a
1976,May,5688.918750000001,2730.681,n/a,n/a
1976,June,5686.1725571725565,2735.049,n/a,n/a
1976,July,5680.458506224067,2737.981,n/a,n/a
1976,August,5671.134575569358,2739.158,n/a,n/a
1976,September,5671.302277432713,2739.239,n/a,n/a
1976,October,5670.7598343685295,2738.977,n/a,n/a
1976,November,5659.29132231405,2739.097,n/a,n/a
1976,December,5650.086597938144,2740.292,n/a,n/a
1977,January,5643.242798353909,2742.616,-0.94,0.72
1977,February,5637.439425051334,2745.433,-1.02,0.85
1977,March,5642.712525667351,2748.001,-0.74,0.92
1977,April,5634.553278688524,2749.662,-1.0,0.86
1977,May,5624.00408997955,2750.138,-1.14,0.71
1977,June,5622.351738241308,2749.33,-1.12,0.52
1977,July,5619.269938650306,2747.823,-1.08,0.36
1977,August,5606.342857142858,2747.108,-1.14,0.29
1977,September,5607.661224489796,2747.754,-1.12,0.31
1977,October,5599.4908350305495,2749.35,-1.26,0.38
1977,November,5593.0243902439015,2751.768,-1.17,0.46
1977,December,5587.750507099391,2754.761,-1.1,0.53
1978,January,5584.688259109312,2758.836,-1.04,0.59
1978,February,5584.220202020202,2764.189,-0.94,0.68
1978,March,5573.730382293762,2770.144,-1.22,0.81
1978,April,5574.204819277109,2775.954,-1.07,0.96
1978,May,5562.76,2781.38,-1.09,1.14
1978,June,5560.948103792415,2786.035,-1.09,1.33
1978,July,5557.083665338645,2789.656,-1.11,1.52
1978,August,5550.89264413519,2792.099,-0.99,1.64
1978,September,5554.978131212723,2794.154,-0.94,1.69
1978,October,5549.196428571428,2796.795,-0.9,1.73
1978,November,5544.6871287128715,2800.067,-0.86,1.76
1978,December,5538.940711462451,2802.704,-0.87,1.74
1979,January,5539.667984189724,2803.072,-0.81,1.6
1979,February,5535.339920948617,2800.882,-0.88,1.33
1979,March,5528.268774703557,2797.304,-0.82,0.98
1979,April,5532.465346534654,2793.895,-0.75,0.65
1979,May,5528.572277227723,2791.929,-0.61,0.38
1979,June,5528.788118811881,2792.038,-0.58,0.22
1979,July,5523.098814229249,2794.688,-0.61,0.18
1979,August,5521.473372781065,2799.387,-0.53,0.26
1979,September,5521.379921259842,2804.861,-0.6,0.38
1979,October,5520.3300589390965,2809.848,-0.52,0.47
1979,November,5515.801960784314,2813.059,-0.52,0.46
1979,December,5517.662745098039,2814.008,-0.38,0.4
1980,January,5515.350980392157,2812.829,-0.44,0.35
1980,February,5520.377210216109,2809.872,-0.27,0.32
1980,March,5513.013752455795,2806.124,-0.28,0.32
1980,April,5516.720472440945,2802.494,-0.28,0.31
1980,May,5522.214990138067,2799.763,-0.12,0.28
1980,June,5519.635108481262,2798.455,-0.17,0.23
1980,July,5518.816568047338,2798.04,-0.08,0.12
1980,August,5529.640316205534,2797.998,0.15,-0.05
1980,September,5530.029644268775,2798.195,0.16,-0.24
1980,October,5529.970355731225,2798.165,0.17,-0.42
1980,November,5542.4891089108905,2798.957,0.48,-0.5
1980,December,5537.737154150197,2802.095,0.36,-0.42
1981,January,5548.626482213439,2807.605,0.6,-0.19
1981,February,5550.694280078896,2814.202,0.55,0.15
1981,March,5551.65157480315,2820.239,0.7,0.5
1981,April,5559.47440944882,2824.213,0.77,0.78
1981,May,5561.8759842519685,2825.433,0.72,0.92
1981,June,5559.757874015748,2824.357,0.73,0.93
1981,July,5565.431952662721,2821.674,0.84,0.84
1981,August,5568.731225296442,2817.778,0.71,0.71
1981,September,5571.0039603960395,2813.357,0.74,0.54
1981,October,5574.488095238095,2809.542,0.81,0.41
1981,November,5578.584493041749,2806.028,0.65,0.25
1981,December,5583.243027888446,2802.788,0.82,0.02
1982,January,5590.431137724551,2800.806,0.75,-0.24
1982,February,5589.686626746507,2800.433,0.7,-0.49
1982,March,5590.363273453094,2800.772,0.7,-0.69
1982,April,5590.37125748503,2800.776,0.56,-0.83
1982,May,5599.242,2799.621,0.67,-0.91
1982,June,5604.396793587174,2796.594,0.8,-0.98
1982,July,5605.6706827309235,2791.624,0.72,-1.06
1982,August,5615.538306451613,2785.307,0.84,-1.15
1982,September,5612.133333333333,2778.006,0.74,-1.26
1982,October,5618.742393509127,2770.04,0.79,-1.41
1982,November,5626.191446028513,2762.46,0.85,-1.55
1982,December,5633.7586912065435,2754.908,0.9,-1.71
1983,January,5641.566735112936,2747.443,0.91,-1.91
1983,February,5641.991769547325,2742.008,0.94,-2.09
1983,March,5649.841237113402,2740.173,1.06,-2.16
1983,April,5656.432989690722,2743.37,1.18,-2.05
1983,May,5660.170781893004,2750.843,1.09,-1.74
1983,June,5669.244353182751,2760.922,1.16,-1.28
1983,July,5669.053169734151,2772.167,1.13,-0.7
1983,August,5678.685714285714,2782.556,1.12,-0.1
1983,September,5683.299389002037,2790.5,1.27,0.45
1983,October,5682.623983739837,2795.851,1.14,0.93
1983,November,5688.380081300812,2798.683,1.11,1.31
1983,December,5692.810975609756,2800.863,1.05,1.67
1984,January,5699.30487804878,2804.058,1.02,2.06
1984,February,5696.231237322516,2808.242,0.96,2.42
1984,March,5705.987829614604,2813.052,0.99,2.66
1984,April,5713.795131845842,2816.901,1.01,2.68
1984,May,5718.492900608519,2819.217,1.03,2.49
1984,June,5719.874239350913,2819.898,0.89,2.14
1984,July,5729.646341463414,2818.986,1.07,1.69
1984,August,5727.892276422764,2818.123,0.87,1.28
1984,September,5730.05081300813,2819.185,0.82,1.03
1984,October,5726.389452332657,2823.11,0.77,0.98
1984,November,5729.757085020243,2830.5,0.73,1.14
1984,December,5737.676767676768,2840.15,0.79,1.4
1985,January,5732.613682092555,2849.109,0.58,1.61
1985,February,5733.730923694779,2855.398,0.66,1.68
1985,March,5739.281124497991,2858.162,0.58,1.6
1985,April,5744.357563850688,2923.878,0.53,3.8
1985,May,5750.3677042801555,2955.689,0.56,4.84
1985,June,5748.553191489362,2972.002,0.5,5.39
1985,July,5745.705202312139,2982.021,0.28,5.78
1985,August,5749.955769230769,2989.977,0.39,6.1
1985,September,5763.140384615384,2996.833,0.58,6.3
1985,October,5761.896353166986,3001.948,0.62,6.33
1985,November,5765.919385796545,3004.044,0.63,6.13
1985,December,5774.196153846154,3002.582,0.64,5.72
1986,January,5778.3448940269745,2998.961,0.8,5.26
1986,February,5782.086872586872,2995.121,0.84,4.89
1986,March,5787.969052224372,2992.38,0.85,4.7
1986,April,5786.323017408124,2991.529,0.73,2.31
1986,May,5799.959302325581,2992.779,0.86,1.25
1986,June,5805.658914728681,2995.72,0.99,0.8
1986,July,5802.446808510637,2999.865,0.99,0.6
1986,August,5811.305609284333,3004.445,1.07,0.48
1986,September,5808.196911196911,3008.646,0.78,0.39
1986,October,5816.048262548263,3012.713,0.94,0.36
1986,November,5812.959537572254,3016.926,0.82,0.43
1986,December,5823.537572254336,3022.416,0.85,0.66
1987,January,5824.986538461538,3028.993,0.81,1.0
1987,February,5826.184261036468,3035.442,0.76,1.35
1987,March,5827.494252873564,3041.952,0.68,1.66
1987,April,5829.799235181645,3048.985,0.75,1.92
1987,May,5831.881679389313,3055.906,0.55,2.11
1987,June,5832.314285714286,3061.965,0.46,2.21
1987,July,5830.195817490494,3066.683,0.48,2.23
1987,August,5836.017110266159,3069.745,0.43,2.17
1987,September,5839.768060836502,3071.718,0.54,2.1
1987,October,5830.648956356736,3072.752,0.25,1.99
1987,November,5831.166982922201,3073.025,0.31,1.86
1987,December,5829.876660341555,3072.345,0.11,1.65
1988,January,5838.8688212927755,3071.245,0.24,1.39
1988,February,5837.749049429657,3070.656,0.2,1.16
1988,March,5836.539923954372,3070.02,0.16,0.92
1988,April,5834.093155893536,3068.733,0.07,0.65
1988,May,5832.051330798479,3067.659,0.0,0.38
1988,June,5831.745247148288,3067.498,-0.01,0.18
1988,July,5833.863117870722,3068.612,0.06,0.06
1988,August,5838.716730038022,3071.165,0.05,0.05
1988,September,5835.168880455408,3075.134,-0.08,0.11
1988,October,5833.666666666666,3080.176,0.05,0.24
1988,November,5834.120982986768,3086.25,0.05,0.43
1988,December,5835.832075471698,3092.991,0.1,0.67
1989,January,5837.180790960452,3099.543,-0.03,0.92
1989,February,5837.050751879699,3105.311,-0.01,1.13
1989,March,5835.9849906191375,3110.58,-0.01,1.32
1989,April,5844.260787992496,3114.991,0.17,1.51
1989,May,5838.61797752809,3117.822,0.11,1.64
1989,June,5841.007490636704,3119.098,0.16,1.68
1989,July,5841.777153558052,3119.509,0.14,1.66
1989,August,5842.507490636704,3119.899,0.06,1.59
1989,September,5844.857677902622,3121.154,0.17,1.5
1989,October,5849.668539325842,3123.723,0.27,1.41
1989,November,5844.5214953271025,3126.819,0.18,1.31
1989,December,5849.67476635514,3129.576,0.24,1.18
1990,January,5822.466542750931,3132.487,-0.25,1.06
1990,February,5827.198884758365,3135.033,-0.17,0.96
1990,March,5841.199255121042,3136.724,0.09,0.84
1990,April,5843.636871508379,3138.033,-0.01,0.74
1990,May,5857.4011194029845,3139.567,0.32,0.7
1990,June,5860.367537313433,3141.157,0.33,0.71
1990,July,5865.245778611633,3126.176,0.4,0.21
1990,August,5858.8248587570615,3111.036,0.28,-0.28
1990,September,5862.257575757575,3095.272,0.3,-0.83
1990,October,5864.788571428571,3079.014,0.26,-1.43
1990,November,5856.91395793499,3063.166,0.21,-2.04
1990,December,5860.490384615384,3047.455,0.18,-2.62
1991,January,5854.0346820809245,3038.244,0.54,-3.01
1991,February,5859.9143968871595,3011.996,0.56,-3.92
1991,March,5853.344357976654,3008.619,0.21,-4.08
1991,April,5855.076023391813,3003.654,0.2,-4.28
1991,May,5844.348927875243,2998.151,-0.22,-4.5
1991,June,5846.05078125,2993.178,-0.24,-4.71
1991,July,5849.277886497065,2988.981,-0.27,-4.39
1991,August,5853.119607843137,2985.091,-0.1,-4.05
1991,September,5844.643137254902,2980.768,-0.3,-3.7
1991,October,5856.242125984252,2974.971,-0.15,-3.38
1991,November,5853.84023668639,2967.897,-0.05,-3.11
1991,December,5851.179841897233,2960.697,-0.16,-2.85
1992,January,5850.90297029703,2954.706,-0.05,-2.75
1992,February,5854.373015873016,2950.604,-0.09,-2.04
1992,March,5851.347222222223,2949.079,-0.03,-1.98
1992,April,5853.805555555556,2950.318,-0.02,-1.78
1992,May,5846.1207920792085,2952.291,0.03,-1.53
1992,June,5848.106930693069,2953.294,0.04,-1.33
1992,July,5847.972277227723,2953.226,-0.02,-1.2
1992,August,5857.738095238095,2952.3,0.08,-1.1
1992,September,5855.498015873016,2951.171,0.19,-0.99
1992,October,5855.204365079366,2951.023,-0.02,-0.81
1992,November,5867.55069582505,2951.378,0.23,-0.56
1992,December,5868.662027833002,2951.937,0.3,-0.3
1993,January,5871.190854870775,2953.209,0.35,-0.05
1993,February,5875.652087475149,2955.453,0.36,0.16
1993,March,5870.505952380952,2958.735,0.33,0.33
1993,April,5877.549603174602,2962.285,0.41,0.41
1993,May,5872.764356435644,2965.746,0.46,0.46
1993,June,5878.782178217822,2968.785,0.52,0.52
1993,July,5880.9742574257425,2969.892,0.56,0.56
1993,August,5879.164356435644,2968.978,0.37,0.56
1993,September,5887.498015873016,2967.299,0.55,0.55
1993,October,5884.855158730159,2965.967,0.51,0.51
1993,November,5885.406746031746,2966.245,0.3,0.5
1993,December,5890.859126984127,2968.993,0.38,0.58
1994,January,5889.045544554455,2973.968,0.3,0.7
1994,February,5888.893280632411,2979.78,0.23,0.82
1994,March,5899.116600790514,2984.953,0.49,0.89
1994,April,5894.863905325444,2988.696,0.29,0.89
1994,May,5899.473372781064,2991.033,0.45,0.85
1994,June,5902.988165680474,2992.815,0.41,0.81
1994,July,5897.226377952757,2995.791,0.28,0.87
1994,August,5906.606299212598,3000.556,0.47,1.06
1994,September,5906.444007858547,3006.38,0.32,1.32
1994,October,5906.380392156862,3012.254,0.37,1.56
1994,November,5916.343137254902,3017.335,0.53,1.72
1994,December,5911.029354207436,3020.536,0.34,1.74
1995,January,5911.405088062622,3020.728,0.38,1.57
1995,February,5918.807843137255,3018.592,0.51,1.3
1995,March,5913.243137254902,3015.754,0.24,1.03
1995,April,5921.878192534381,3014.236,0.46,0.85
1995,May,5924.719056974459,3015.682,0.43,0.82
1995,June,5921.694117647058,3020.064,0.32,0.91
1995,July,5922.1956947162425,3026.242,0.42,1.02
1995,August,5934.825831702544,3032.696,0.48,1.07
1995,September,5934.173828125,3038.297,0.47,1.06
1995,October,5942.3125,3042.464,0.61,1.0
1995,November,5948.509765625,3045.637,0.54,0.94
1995,December,5943.528265107213,3049.03,0.55,0.94
1996,January,5953.575048732943,3054.184,0.71,1.11
1996,February,5944.943689320388,3061.646,0.44,1.43
1996,March,5951.238372093023,3070.839,0.64,1.83
1996,April,5958.77756286267,3080.688,0.62,2.2
1996,May,5965.675675675675,3090.22,0.69,2.47
1996,June,5959.886538461538,3099.141,0.64,2.62
1996,July,5964.46065259117,3107.484,0.71,2.68
1996,August,5968.235632183908,3115.419,0.56,2.73
1996,September,5982.25478927203,3122.737,0.81,2.78
1996,October,5983.391969407266,3129.314,0.69,2.85
1996,November,5982.837786259542,3135.007,0.58,2.93
1996,December,5992.946564885496,3140.304,0.83,2.99
1997,January,5991.971428571428,3145.785,0.64,3.0
1997,February,5992.218631178707,3151.907,0.8,2.95
1997,March,5994.867172675522,3159.295,0.73,2.88
1997,April,6000.420454545455,3168.222,0.7,2.84
1997,May,6008.102079395085,3178.286,0.71,2.85
1997,June,6005.68549905838,3189.019,0.77,2.9
1997,July,6015.492481203008,3200.242,0.86,2.99
1997,August,6025.5328330206385,3211.609,0.96,3.09
1997,September,6023.846728971962,3222.758,0.7,3.2
1997,October,6031.912313432836,3233.105,0.81,3.32
1997,November,6037.128491620111,3241.938,0.91,3.41
1997,December,6050.402234636871,3249.066,0.96,3.46
1998,January,6049.758364312269,3254.77,0.96,3.46
1998,February,6059.301115241637,3259.904,1.12,3.43
1998,March,6056.810760667903,3264.621,1.03,3.33
1998,April,6065.230055658627,3269.159,1.08,3.19
1998,May,6073.729128014841,3273.74,1.09,3.0
1998,June,6071.225925925925,3278.462,1.09,2.8
1998,July,6079.981481481481,3283.19,1.07,2.59
1998,August,6089.414814814814,3288.284,1.06,2.39
1998,September,6088.970425138631,3294.133,1.08,2.21
1998,October,6100.7800369685765,3300.522,1.14,2.09
1998,November,6100.863468634686,3306.668,1.06,2.0
1998,December,6110.1918819188195,3311.724,0.99,1.93
1999,January,6105.67955801105,3315.384,0.92,1.86
1999,February,6110.762430939227,3318.144,0.85,1.79
1999,March,6116.651933701659,3321.342,0.99,1.74
1999,April,6125.650092081032,3326.228,1.0,1.75
1999,May,6127.479779411765,3333.349,0.88,1.82
1999,June,6132.985321100917,3342.477,1.02,1.95
1999,July,6128.970749542961,3352.547,0.81,2.11
1999,August,6146.782449725776,3362.29,0.94,2.25
1999,September,6151.819343065695,3371.197,1.03,2.34
1999,October,6157.045537340619,3380.218,0.92,2.41
1999,November,6165.649090909091,3391.107,1.06,2.55
1999,December,6177.9038112522685,3404.025,1.11,2.79
2000,January,6181.508137432188,3418.374,1.24,3.11
2000,February,6195.72202166065,3432.43,1.39,3.44
2000,March,6204.99099099099,3443.77,1.44,3.69
2000,April,6195.637342908437,3450.97,1.14,3.75
2000,May,6200.499102333931,3453.678,1.19,3.61
2000,June,6198.606822262118,3452.624,1.07,3.3
2000,July,6205.507194244604,3450.262,1.25,2.91
2000,August,6214.854054054053,3449.244,1.11,2.59
2000,September,6217.342342342342,3450.625,1.07,2.36
2000,October,6212.50179856115,3454.151,0.9,2.19
2000,November,6219.874100719424,3458.25,0.88,1.98
2000,December,6225.282374100719,3461.257,0.77,1.68
2001,January,6224.776978417266,3460.976,0.7,1.25
2001,February,6228.547747747747,3456.844,0.53,0.71
2001,March,6239.244122965643,3450.302,0.55,0.19
2001,April,6235.545289855072,3442.021,0.64,-0.26
2001,May,6242.721818181817,3433.497,0.68,-0.58
2001,June,6252.164233576644,3426.186,0.86,-0.77
2001,July,6252.956124314443,3420.367,0.76,-0.87
2001,August,6255.496336996337,3415.501,0.65,-0.98
2001,September,6260.390825688073,3411.913,0.69,-1.12
2001,October,6256.069724770642,3409.558,0.7,-1.29
2001,November,6264.755514705882,3408.027,0.72,-1.45
2001,December,6264.07169117647,3407.655,0.62,-1.55
2002,January,6267.213235294117,3409.364,0.68,-1.49
2002,February,6273.297794117647,3412.674,0.72,-1.28
2002,March,6268.288073394495,3416.217,0.47,-0.99
2002,April,6276.310091743118,3420.589,0.65,-0.62
2002,May,6274.479853479853,3425.866,0.51,-0.22
2002,June,6283.21978021978,3430.638,0.5,0.13
2002,July,6276.7696526508225,3433.393,0.38,0.38
2002,August,6288.283882783882,3433.403,0.52,0.52
2002,September,6283.175824175823,3430.614,0.36,0.55
2002,October,6296.226102941176,3425.147,0.64,0.46
2002,November,6295.837937384899,3418.64,0.5,0.31
2002,December,6295.990774907749,3412.427,0.51,0.14
2003,January,6298.388170055452,3407.428,0.5,-0.06
2003,February,6304.266666666666,3404.304,0.49,-0.25
2003,March,6313.111317254174,3402.767,0.72,-0.39
2003,April,6309.884972170686,3401.028,0.53,-0.57
2003,May,6315.472118959109,3397.724,0.65,-0.82
2003,June,6320.741154562383,3394.238,0.6,-1.06
2003,July,6317.180633147113,3392.326,0.64,-1.2
2003,August,6329.664179104477,3392.7,0.66,-1.19
2003,September,6323.005586592179,3395.454,0.63,-1.02
2003,October,6332.782122905028,3400.704,0.58,-0.71
2003,November,6334.078066914499,3407.734,0.61,-0.32
2003,December,6335.853432282003,3415.025,0.63,0.08
2004,January,6347.508348794062,3421.307,0.78,0.41
2004,February,6345.346296296296,3426.487,0.65,0.65
2004,March,6349.607734806631,3447.837,0.58,1.32
2004,April,6349.840659340659,3467.013,0.63,1.94
2004,May,6358.620437956205,3484.524,0.68,2.55
2004,June,6364.483636363636,3500.466,0.69,3.13
2004,July,6367.528985507246,3514.876,0.8,3.61
2004,August,6367.651624548737,3527.679,0.6,3.98
2004,September,6374.518918918919,3537.858,0.81,4.19
2004,October,6375.420863309352,3544.734,0.67,4.24
2004,November,6382.330935251798,3548.576,0.76,4.13
2004,December,6386.944244604316,3551.141,0.81,3.99
2005,January,6392.0665467625895,3553.989,0.7,3.88
2005,February,6399.059352517985,3557.877,0.85,3.83
2005,March,6396.64093357271,3562.929,0.74,3.34
2005,April,6408.85816876122,3569.734,0.93,2.96
2005,May,6413.245519713262,3578.591,0.86,2.7
2005,June,6417.878354203936,3587.594,0.84,2.49
2005,July,6418.560714285713,3594.394,0.8,2.26
2005,August,6426.674999999999,3598.938,0.93,2.02
2005,September,6432.928571428571,3602.44,0.92,1.83
2005,October,6427.916221033868,3606.061,0.82,1.73
2005,November,6434.789661319072,3609.917,0.82,1.73
2005,December,6442.607843137254,3614.303,0.87,1.78
2006,January,6441.245551601422,3619.98,0.77,1.86
2006,February,6452.519572953735,3626.316,0.84,1.92
2006,March,6451.023090586146,3631.926,0.85,1.94
2006,April,6457.220248667852,3635.415,0.75,1.84
2006,May,6459.70515097691,3636.814,0.72,1.63
2006,June,6471.727758007117,3637.111,0.84,1.38
2006,July,6473.241992882562,3637.962,0.85,1.21
2006,August,6476.5925266903905,3639.845,0.78,1.14
2006,September,6481.667259786476,3642.697,0.76,1.12
2006,October,6489.281138790036,3646.976,0.95,1.13
2006,November,6487.341030195383,3652.373,0.82,1.18
2006,December,6495.937833037301,3657.213,0.83,1.19
2007,January,6500.47246891652,3659.766,0.92,1.1
2007,February,6512.741992882562,3660.161,0.93,0.93
2007,March,6510.925266903913,3659.14,0.93,0.75
2007,April,6520.426024955435,3657.959,0.98,0.62
2007,May,6519.5721925133685,3657.48,0.93,0.57
2007,June,6533.607142857142,3658.82,0.96,0.6
2007,July,6529.324420677362,3662.951,0.87,0.69
2007,August,6541.003565062389,3669.503,0.99,0.81
2007,September,6544.935943060497,3678.254,0.98,0.98
2007,October,6538.143617021277,3687.513,0.75,1.11
2007,November,6541.854867256638,3696.148,0.84,1.2
2007,December,6554.890265486726,3703.513,0.91,1.27
2008,January,6553.310954063603,3709.174,0.81,1.35
2008,February,6561.183745583038,3713.63,0.74,1.46
2008,March,6556.088183421516,3717.302,0.69,1.59
2008,April,6561.873015873015,3720.582,0.64,1.71
2008,May,6568.241622574956,3724.193,0.75,1.82
2008,June,6564.607394366198,3728.697,0.47,1.91
2008,July,6572.772887323944,3733.335,0.67,1.92
2008,August,6579.408450704225,3737.104,0.59,1.84
2008,September,6580.785211267606,3737.886,0.55,1.62
2008,October,6586.813051146383,3734.723,0.74,1.28
2008,November,6586.432862190812,3727.921,0.68,0.86
2008,December,6592.326241134752,3718.072,0.57,0.39
2009,January,6594.937722419928,3706.355,0.64,-0.08
2009,February,6598.249999999999,3695.02,0.56,-0.5
2009,March,6594.544789762339,3607.216,0.59,-2.96
2009,April,6599.025641025641,3603.068,0.57,-3.16
2009,May,6606.62752293578,3600.612,0.58,-3.32
2009,June,6613.880514705882,3597.951,0.75,-3.51
2009,July,6606.124999999999,3593.732,0.51,-3.74
2009,August,6619.062730627306,3587.532,0.6,-4.0
2009,September,6618.935304990758,3580.844,0.58,-4.2
2009,October,6620.816666666667,3575.241,0.52,-4.27
2009,November,6628.08348794063,3572.537,0.63,-4.17
2009,December,6619.712962962963,3574.645,0.42,-3.86
2010,January,6632.677777777778,3581.646,0.57,-3.36
2010,February,6624.712177121771,3590.594,0.4,-2.83
2010,March,6626.769797421732,3598.336,0.49,-0.25
2010,April,6540.76950998185,3603.964,-0.88,0.02
2010,May,6546.642468239564,3607.2,-0.91,0.18
2010,June,6558.465454545454,3607.156,-0.84,0.26
2010,July,6553.052727272727,3604.179,-0.8,0.29
2010,August,6558.438979963571,3600.583,-0.92,0.36
2010,September,6565.653284671534,3597.978,-0.8,0.48
2010,October,6577.120658135283,3597.685,-0.66,0.63
2010,November,6580.886654478975,3599.745,-0.71,0.76
2010,December,6587.149908592321,3603.171,-0.49,0.8
2011,January,6594.274223034735,3607.068,-0.58,0.71
2011,February,6599.226691042047,3609.777,-0.38,0.53
2011,March,6600.414990859232,3610.427,-0.4,0.34
2011,April,6609.974358974358,3609.046,1.06,0.14
2011,May,6618.264220183486,3606.954,1.09,-0.01
2011,June,6628.698529411765,3606.012,1.07,-0.03
2011,July,6631.608455882352,3607.595,1.2,0.09
2011,August,6637.525735294117,3610.814,1.21,0.28
2011,September,6643.595588235294,3614.116,1.19,0.45
2011,October,6648.246323529412,3616.646,1.08,0.53
2011,November,6650.152573529412,3617.683,1.05,0.5
2011,December,6661.994475138123,3617.463,1.14,0.4
2012,January,6661.193370165746,3617.028,1.01,0.28
2012,February,6663.23020257827,3618.134,0.97,0.23
2012,March,6667.591160220995,3620.502,1.02,0.28
2012,April,6673.318600368325,3623.612,0.96,0.4
2012,May,6681.788213627993,3628.211,0.96,0.59
2012,June,6692.970534069982,3634.283,0.97,0.78
2012,July,6694.262867647059,3641.679,0.94,0.94
2012,August,6697.737614678898,3650.267,0.91,1.09
2012,September,6702.421245421245,3659.522,0.89,1.26
2012,October,6704.436928702011,3667.327,0.85,1.4
2012,November,6713.954296160877,3672.533,0.96,1.52
2012,December,6719.316270566727,3675.466,0.86,1.6
2013,January,6721.711151736745,3676.776,0.91,1.65
2013,February,6724.6361974405845,3678.376,0.92,1.66
2013,March,6719.978102189782,3682.548,0.79,1.71
2013,April,6733.7080291970815,3690.072,0.9,1.83
2013,May,6737.561020036431,3698.921,0.83,1.95
2013,June,6741.0599999999995,3707.583,0.72,2.02
2013,July,6741.673321234119,3714.662,0.71,2.0
2013,August,6738.838768115941,3719.839,0.61,1.91
2013,September,6747.177536231883,3724.442,0.67,1.77
2013,October,6745.2513562386985,3730.124,0.61,1.71
2013,November,6746.559566787005,3737.594,0.49,1.77
2013,December,6749.50990990991,3745.978,0.45,1.92
2014,January,6754.379496402877,3755.435,0.49,2.14
2014,February,6760.016157989227,3765.329,0.53,2.36
2014,March,6764.107526881721,3774.372,0.66,2.49
2014,April,6765.694096601074,3782.023,0.48,2.49
2014,May,6766.8160714285705,3789.417,0.43,2.45
2014,June,6769.235294117647,3797.541,0.42,2.43
2014,July,6772.565836298932,3806.182,0.46,2.46
2014,August,6776.470692717585,3815.153,0.56,2.56
2014,September,6779.343971631207,3823.55,0.48,2.66
2014,October,6780.24778761062,3830.84,0.52,2.7
2014,November,6778.955830388692,3836.889,0.48,2.66
2014,December,6788.609540636042,3842.353,0.58,2.57
2015,January,6785.031746031745,3847.113,0.45,2.44
2015,February,6791.968253968253,3851.046,0.47,2.28
2015,March,6787.4964788732395,3855.298,0.35,2.14
2015,April,6794.970070422536,3859.543,0.43,2.05
2015,May,6800.367957746479,3862.609,0.5,1.93
2015,June,6802.443661971832,3863.788,0.49,1.74
2015,July,6802.737676056338,3863.955,0.45,1.52
2015,August,6802.232394366198,3863.668,0.38,1.27
2015,September,6802.332746478874,3863.725,0.34,1.05
2015,October,6804.647887323944,3865.04,0.36,0.89
2015,November,6808.815140845071,3867.407,0.44,0.8
2015,December,6800.971880492092,3869.753,0.18,0.71
2016,January,6803.4604569420035,3871.169,0.27,0.63
2016,February,6803.20913884007,3871.026,0.17,0.52
2016,March,6812.18309859155,3869.32,0.36,0.36
2016,April,6809.1144366197195,3867.577,0.21,0.21
2016,May,6808.322183098592,3867.127,0.12,0.12
2016,June,6810.320422535212,3868.262,0.12,0.12
2016,July,6815.475352112677,3871.19,0.19,0.19
2016,August,6811.880492091389,3875.96,0.14,0.32
2016,September,6810.412280701755,3881.935,0.12,0.47
2016,October,6810.294220665498,3888.678,0.08,0.61
2016,November,6812.230769230769,3896.596,0.05,0.75
2016,December,6804.324041811847,3905.682,0.05,0.93
2017,January,7077.862847222222,4076.849,4.03,5.31
2017,February,7086.6412478336215,4088.992,4.17,5.63
2017,March,7080.599309153715,4099.667,3.94,5.95
2017,April,7082.2758620689665,4107.72,4.01,6.21
2017,May,7091.939655172414,4113.325,4.17,6.37
2017,June,7085.864027538726,4116.887,4.05,6.43
2017,July,7087.530120481927,4117.855,3.99,6.37
2017,August,7096.518965517242,4115.981,4.18,6.19
2017,September,7090.113793103448,4112.266,4.11,5.93
2017,October,7094.652849740934,4107.804,4.18,5.64
2017,November,7099.015570934256,4103.231,4.21,5.3
2017,December,7093.961937716264,4100.31,4.26,4.98
2018,January,7098.671874999999,4088.835,0.29,0.29
2018,February,7100.493055555555,4089.884,0.2,0.02
2018,March,7105.687499999999,4092.876,0.35,-0.17
2018,April,7098.038128249566,4095.568,0.22,-0.3
2018,May,7110.140624999999,4095.441,0.26,-0.43
2018,June,7104.725694444443,4092.322,0.27,-0.6
2018,July,7108.833043478262,4087.579,0.3,-0.74
2018,August,7113.369337979095,4083.074,0.24,-0.8
2018,September,7106.360627177701,4079.051,0.23,-0.81
2018,October,7114.160558464225,4076.414,0.27,-0.76
2018,November,7114.354275741711,4076.525,0.22,-0.65
2018,December,7106.627177700349,4079.204,0.18,-0.51
2019,January,7114.293193717278,4076.49,0.22,-0.3
2019,February,7108.379790940767,4080.21,0.11,-0.24
2019,March,7114.621951219513,4083.793,0.13,-0.22
2019,April,7108.431304347827,4087.348,0.15,-0.2
2019,May,7114.881739130435,4091.057,0.07,-0.11
2019,June,7107.753472222221,4094.066,0.04,0.04
2019,July,7110.793402777777,4095.817,0.03,0.2
2019,August,7112.401041666667,4096.743,-0.01,0.33
2019,September,7105.4575389948,4099.849,-0.01,0.51
2019,October,7113.398613518196,4104.431,-0.01,0.69
2019,November,7107.095155709343,4107.901,-0.1,0.77
2019,December,7105.828719723184,4107.169,-0.01,0.69
2020,January,7106.499133448872,4100.45,-0.11,0.59
2020,February,7095.894097222222,4087.235,-0.18,0.17
2020,March,7092.797909407666,4071.266,-0.31,-0.31
2020,April,7113.640350877193,3243.82,0.07,-20.64
2020,May,7114.479262672811,3087.684,-0.01,-24.53
2020,June,7100.24312896406,3358.415,-0.11,-17.97
2020,July,7079.690228690229,3405.331,-0.44,-16.86
2020,August,7055.795081967213,3443.228,-0.8,-15.95
2020,September,7037.610101010101,3483.617,-0.95,-15.03
2020,October,7021.588,3510.794,-1.29,-14.46
2020,November,7003.255445544554,3536.644,-1.46,-13.91
2020,December,6987.844793713163,3556.813,-1.66,-13.4
2021,January,6978.88671875,3573.19,-1.8,-12.86
2021,February,6957.308139534884,3589.971,-1.95,-12.17
2021,March,6929.986564299425,3610.523,-2.3,-11.32
2021,April,6919.674285714285,3632.829,-2.73,11.99
2021,May,6895.884905660377,3654.819,-3.07,18.37
2021,June,6883.926966292134,3676.017,-3.05,9.46
2021,July,6863.416356877325,3692.518,-3.05,8.43
2021,August,6854.3438077634,3708.2,-2.86,7.7
2021,September,6856.535911602211,3723.099,-2.57,6.87
2021,October,6840.387568555758,3741.692,-2.58,6.58
2021,November,6836.490909090909,3760.07,-2.38,6.32
2021,December,6833.640144665462,3779.003,-2.21,6.25
2022,January,6829.402877697841,3797.148,-2.14,6.27
2022,February,6824.991055456173,3815.17,-1.9,6.27
2022,March,6816.304270462632,3830.763,-1.64,6.1
2022,April,6807.27610619469,3846.111,-1.62,5.87
2022,May,6804.559082892415,3858.185,-1.32,5.56
2022,June,6798.859402460457,3868.551,-1.24,5.24
2022,July,6787.644483362521,3875.745,-1.1,4.96
2022,August,6783.365384615384,3880.085,-1.04,4.64
2022,September,6776.5828970331595,3882.982,-1.17,4.29
2022,October,6772.9843205574925,3887.693,-0.99,3.9
2022,November,6774.288695652174,3895.216,-0.91,3.59
2022,December,6777.604166666666,3903.9,-0.82,3.31
2023,January,6772.157439446367,3914.307,-0.84,3.09
2023,February,6767.989655172415,3925.434,-0.84,2.89
2023,March,6762.599656357387,3935.833,-0.79,2.74
2023,April,6765.296740994855,3944.168,-0.62,2.55
2023,May,6760.892123287672,3948.361,-0.64,2.34
2023,June,6748.895726495726,3948.104,-0.73,2.06
2023,July,6753.309931506849,3943.933,-0.51,1.76
2023,August,6743.04794520548,3937.94,-0.59,1.49
2023,September,6745.842195540309,3932.826,-0.45,1.28
2023,October,6743.096054888508,3931.225,-0.44,1.12
2023,November,6738.229452054796,3935.126,-0.53,1.02
2023,December,6737.3811965811965,3941.368,-0.59,0.96
2024,January,6733.0273037542665,3945.554,-0.58,0.8
2024,February,6725.4795918367345,3954.582,-0.63,0.74
2024,March,6723.010169491526,3966.576,-0.59,0.78
2024,April,6720.608108108107,3978.6,-0.66,0.87
2024,May,6718.79089376054,3984.243,-0.62,0.91
2024,June,6720.75420875421,3992.128,-0.42,1.11
2024,July,6720.676767676768,3992.082,-0.48,1.22
2024,August,6709.045378151261,3991.882,-0.5,1.37
2024,September,6713.641414141414,3987.903,-0.48,1.4
2024,October,6703.548821548821,3981.908,-0.59,1.29
2024,November,6700.114671163576,3973.168,-0.57,0.97
2024,December,6700.974662162161,3966.977,-0.54,0.65
